<OutOfBrowserSettings ShortName="TDD.ChristmasCreator Application" EnableGPUAcceleration="False" ShowInstallMenuItem="True">
  <OutOfBrowserSettings.Blurb>TDD.ChristmasCreator Application on your desktop; at home, at work or on the go.</OutOfBrowserSettings.Blurb>
  <OutOfBrowserSettings.WindowSettings>
    <WindowSettings Title="TDD.ChristmasCreator Application" Height="800" Width="1000" />
  </OutOfBrowserSettings.WindowSettings>
  <OutOfBrowserSettings.SecuritySettings>
    <SecuritySettings ElevatedPermissions="Required" />
  </OutOfBrowserSettings.SecuritySettings>
  <OutOfBrowserSettings.Icons>
    <Icon Size="16,16">Assets/icons/icon16.png</Icon>
    <Icon Size="32,32">Assets/icons/icon32.png</Icon>
    <Icon Size="48,48">Assets/icons/icon48.png</Icon>
    <Icon Size="128,128">Assets/icons/icon128.png</Icon>
  </OutOfBrowserSettings.Icons>
</OutOfBrowserSettings>