﻿<?xml version="1.0" encoding="utf-8" ?>
<log4net>
  <appender name="TableStorageAppender" type="log4net.Azure.TableStorageAppender, log4net.Azure">
    <connectionString value="TableEndpoint=http://127.0.0.1:10002/devstoreaccount1/;AccountName=devstoreaccount1;AccountKey=Eby8vdM02xNOcqFlqUwJPLlmEtlCDXJ1OUzFT50uSRZ6IFsuFq2UVErCz4I6tq/K1SZFPTOtr/KBHBeksoGMGw==" />
    <tableName value="mytable" />
    <partitionKey value="partition1" />
    <property>
      <propertyName value="Level" />
      <layout type="log4net.Layout.PatternLayout">
        <conversionPattern value="%5level" />
      </layout>
    </property>
    <property>
      <propertyName value="Thread" />
      <layout type="log4net.Layout.PatternLayout">
        <conversionPattern value="%thread" />
      </layout>
    </property>
    <property>
      <propertyName value="Location" />
      <layout type="log4net.Layout.PatternLayout">
        <conversionPattern value="%file:%line" />
      </layout>
    </property>
    <property>
      <propertyName value="Message" />
      <layout type="log4net.Layout.PatternLayout">
        <conversionPattern value="%message" />
      </layout>
    </property>
  </appender>

  <appender name="ConsoleAppender" type="log4net.Appender.ConsoleAppender">
    <!-- A1 uses PatternLayout -->
    <layout type="log4net.Layout.PatternLayout">
      <conversionPattern value="%-4timestamp [%thread] %-5level %logger %ndc - %message%newline" />
    </layout>
  </appender>

  <logger name="Test">
    <level value="ALL" />
    <appender-ref ref="TableStorageAppender" />
    <appender-ref ref="ConsoleAppender" />
  </logger>
</log4net>